Stall_ID,Plot,Block,Column,Center_Longitude,Center_Latitude,Width_m,Depth_m
N1,North OAT Grounds (Box 1),1,1,80.232592,12.98935,3.0,3.0
N2,North OAT Grounds (Box 1),1,2,80.232619,12.989296,3.0,3.0
N3,North OAT Grounds (Box 1),1,2,80.232619,12.989323,3.0,3.0
N4,North OAT Grounds (Box 1),1,2,80.232619,12.98935,3.0,3.0
N5,North OAT Grounds (Box 1),2,3,80.232675,12.989161,3.0,3.0
N6,North OAT Grounds (Box 1),2,3,80.232675,12.989188,3.0,3.0
N7,North OAT Grounds (Box 1),2,3,80.232675,12.989215,3.0,3.0
N8,North OAT Grounds (Box 1),2,3,80.232675,12.989242,3.0,3.0
N9,North OAT Grounds (Box 1),2,3,80.232675,12.989269,3.0,3.0
N10,North OAT Grounds (Box 1),2,3,80.232675,12.989296,3.0,3.0
N11,North OAT Grounds (Box 1),2,3,80.232675,12.989323,3.0,3.0
N12,North OAT Grounds (Box 1),2,3,80.232675,12.98935,3.0,3.0
N13,North OAT Grounds (Box 1),2,4,80.232702,12.98908,3.0,3.0
N14,North OAT Grounds (Box 1),2,4,80.232702,12.989107,3.0,3.0
N15,North OAT Grounds (Box 1),2,4,80.232702,12.989161,3.0,3.0
N16,North OAT Grounds (Box 1),2,4,80.232702,12.989188,3.0,3.0
N17,North OAT Grounds (Box 1),2,4,80.232702,12.989215,3.0,3.0
N18,North OAT Grounds (Box 1),2,4,80.232702,12.989242,3.0,3.0
N19,North OAT Grounds (Box 1),2,4,80.232702,12.989269,3.0,3.0
N20,North OAT Grounds (Box 1),2,4,80.232702,12.989296,3.0,3.0
N21,North OAT Grounds (Box 1),2,4,80.232702,12.989323,3.0,3.0
N22,North OAT Grounds (Box 1),2,4,80.232702,12.98935,3.0,3.0
N23,North OAT Grounds (Box 1),3,5,80.232758,12.988945,3.0,3.0
N24,North OAT Grounds (Box 1),3,5,80.232758,12.988972,3.0,3.0
N25,North OAT Grounds (Box 1),3,5,80.232758,12.988999,3.0,3.0
N26,North OAT Grounds (Box 1),3,5,80.232758,12.989026,3.0,3.0
N27,North OAT Grounds (Box 1),3,5,80.232758,12.989053,3.0,3.0
N28,North OAT Grounds (Box 1),3,5,80.232758,12.98908,3.0,3.0
N29,North OAT Grounds (Box 1),3,5,80.232758,12.989107,3.0,3.0
N30,North OAT Grounds (Box 1),3,5,80.232758,12.989161,3.0,3.0
N31,North OAT Grounds (Box 1),3,5,80.232758,12.989188,3.0,3.0
N32,North OAT Grounds (Box 1),3,5,80.232758,12.989215,3.0,3.0
N33,North OAT Grounds (Box 1),3,5,80.232758,12.989242,3.0,3.0
N34,North OAT Grounds (Box 1),3,5,80.232758,12.989269,3.0,3.0
N35,North OAT Grounds (Box 1),3,5,80.232758,12.989296,3.0,3.0
N36,North OAT Grounds (Box 1),3,5,80.232758,12.989323,3.0,3.0
N37,North OAT Grounds (Box 1),3,5,80.232758,12.98935,3.0,3.0
N38,North OAT Grounds (Box 1),3,6,80.232785,12.988918,3.0,3.0
N39,North OAT Grounds (Box 1),3,6,80.232785,12.988945,3.0,3.0
N40,North OAT Grounds (Box 1),3,6,80.232785,12.988972,3.0,3.0
N41,North OAT Grounds (Box 1),3,6,80.232785,12.988999,3.0,3.0
N42,North OAT Grounds (Box 1),3,6,80.232785,12.989026,3.0,3.0
N43,North OAT Grounds (Box 1),3,6,80.232785,12.989053,3.0,3.0
N44,North OAT Grounds (Box 1),3,6,80.232785,12.98908,3.0,3.0
N45,North OAT Grounds (Box 1),3,6,80.232785,12.989107,3.0,3.0
N46,North OAT Grounds (Box 1),3,6,80.232785,12.989161,3.0,3.0
N47,North OAT Grounds (Box 1),3,6,80.232785,12.989188,3.0,3.0
N48,North OAT Grounds (Box 1),3,6,80.232785,12.989215,3.0,3.0
N49,North OAT Grounds (Box 1),3,6,80.232785,12.989242,3.0,3.0
N50,North OAT Grounds (Box 1),3,6,80.232785,12.989269,3.0,3.0
N51,North OAT Grounds (Box 1),3,6,80.232785,12.989296,3.0,3.0
N52,North OAT Grounds (Box 1),3,6,80.232785,12.989323,3.0,3.0
N53,North OAT Grounds (Box 1),3,6,80.232785,12.98935,3.0,3.0
N54,North OAT Grounds (Box 1),4,7,80.232841,12.988918,3.0,3.0
N55,North OAT Grounds (Box 1),4,7,80.232841,12.988945,3.0,3.0
N56,North OAT Grounds (Box 1),4,7,80.232841,12.988972,3.0,3.0
N57,North OAT Grounds (Box 1),4,7,80.232841,12.988999,3.0,3.0
N58,North OAT Grounds (Box 1),4,7,80.232841,12.989026,3.0,3.0
N59,North OAT Grounds (Box 1),4,7,80.232841,12.989053,3.0,3.0
N60,North OAT Grounds (Box 1),4,7,80.232841,12.98908,3.0,3.0
N61,North OAT Grounds (Box 1),4,7,80.232841,12.989107,3.0,3.0
N62,North OAT Grounds (Box 1),4,7,80.232841,12.989161,3.0,3.0
N63,North OAT Grounds (Box 1),4,7,80.232841,12.989188,3.0,3.0
N64,North OAT Grounds (Box 1),4,7,80.232841,12.989215,3.0,3.0
N65,North OAT Grounds (Box 1),4,7,80.232841,12.989242,3.0,3.0
N66,North OAT Grounds (Box 1),4,7,80.232841,12.989269,3.0,3.0
N67,North OAT Grounds (Box 1),4,7,80.232841,12.989296,3.0,3.0
N68,North OAT Grounds (Box 1),4,7,80.232841,12.989323,3.0,3.0
N69,North OAT Grounds (Box 1),4,7,80.232841,12.98935,3.0,3.0
N70,North OAT Grounds (Box 1),4,8,80.232869,12.988918,3.0,3.0
N71,North OAT Grounds (Box 1),4,8,80.232869,12.988945,3.0,3.0
N72,North OAT Grounds (Box 1),4,8,80.232869,12.988972,3.0,3.0
N73,North OAT Grounds (Box 1),4,8,80.232869,12.988999,3.0,3.0
N74,North OAT Grounds (Box 1),4,8,80.232869,12.989026,3.0,3.0
N75,North OAT Grounds (Box 1),4,8,80.232869,12.989053,3.0,3.0
N76,North OAT Grounds (Box 1),4,8,80.232869,12.98908,3.0,3.0
N77,North OAT Grounds (Box 1),4,8,80.232869,12.989107,3.0,3.0
N78,North OAT Grounds (Box 1),4,8,80.232869,12.989161,3.0,3.0
N79,North OAT Grounds (Box 1),4,8,80.232869,12.989188,3.0,3.0
N80,North OAT Grounds (Box 1),4,8,80.232869,12.989215,3.0,3.0
N81,North OAT Grounds (Box 1),4,8,80.232869,12.989242,3.0,3.0
N82,North OAT Grounds (Box 1),4,8,80.232869,12.989269,3.0,3.0
N83,North OAT Grounds (Box 1),4,8,80.232869,12.989296,3.0,3.0
N84,North OAT Grounds (Box 1),4,8,80.232869,12.989323,3.0,3.0
N85,North OAT Grounds (Box 1),4,8,80.232869,12.98935,3.0,3.0
N86,North OAT Grounds (Box 1),5,9,80.232924,12.988918,3.0,3.0
N87,North OAT Grounds (Box 1),5,9,80.232924,12.988945,3.0,3.0
N88,North OAT Grounds (Box 1),5,9,80.232924,12.988972,3.0,3.0
N89,North OAT Grounds (Box 1),5,9,80.232924,12.988999,3.0,3.0
N90,North OAT Grounds (Box 1),5,9,80.232924,12.989026,3.0,3.0
N91,North OAT Grounds (Box 1),5,9,80.232924,12.989053,3.0,3.0
N92,North OAT Grounds (Box 1),5,9,80.232924,12.98908,3.0,3.0
N93,North OAT Grounds (Box 1),5,9,80.232924,12.989107,3.0,3.0
N94,North OAT Grounds (Box 1),5,9,80.232924,12.989161,3.0,3.0
N95,North OAT Grounds (Box 1),5,9,80.232924,12.989188,3.0,3.0
N96,North OAT Grounds (Box 1),5,9,80.232924,12.989215,3.0,3.0
N97,North OAT Grounds (Box 1),5,9,80.232924,12.989242,3.0,3.0
N98,North OAT Grounds (Box 1),5,9,80.232924,12.989269,3.0,3.0
N99,North OAT Grounds (Box 1),5,9,80.232924,12.989296,3.0,3.0
N100,North OAT Grounds (Box 1),5,9,80.232924,12.989323,3.0,3.0
N101,North OAT Grounds (Box 1),5,9,80.232924,12.98935,3.0,3.0
N102,North OAT Grounds (Box 1),5,10,80.232952,12.988918,3.0,3.0
N103,North OAT Grounds (Box 1),5,10,80.232952,12.988945,3.0,3.0
N104,North OAT Grounds (Box 1),5,10,80.232952,12.988972,3.0,3.0
N105,North OAT Grounds (Box 1),5,10,80.232952,12.988999,3.0,3.0
N106,North OAT Grounds (Box 1),5,10,80.232952,12.989026,3.0,3.0
N107,North OAT Grounds (Box 1),5,10,80.232952,12.989053,3.0,3.0
N108,North OAT Grounds (Box 1),5,10,80.232952,12.98908,3.0,3.0
N109,North OAT Grounds (Box 1),5,10,80.232952,12.989107,3.0,3.0
N110,North OAT Grounds (Box 1),5,10,80.232952,12.989161,3.0,3.0
N111,North OAT Grounds (Box 1),5,10,80.232952,12.989188,3.0,3.0
N112,North OAT Grounds (Box 1),5,10,80.232952,12.989215,3.0,3.0
N113,North OAT Grounds (Box 1),5,10,80.232952,12.989242,3.0,3.0
N114,North OAT Grounds (Box 1),5,10,80.232952,12.989269,3.0,3.0
N115,North OAT Grounds (Box 1),5,10,80.232952,12.989296,3.0,3.0
N116,North OAT Grounds (Box 1),5,10,80.232952,12.989323,3.0,3.0
N117,North OAT Grounds (Box 1),5,10,80.232952,12.98935,3.0,3.0
N118,North OAT Grounds (Box 1),6,11,80.233007,12.988891,3.0,3.0
N119,North OAT Grounds (Box 1),6,11,80.233007,12.988918,3.0,3.0
N120,North OAT Grounds (Box 1),6,11,80.233007,12.988945,3.0,3.0
N121,North OAT Grounds (Box 1),6,11,80.233007,12.988972,3.0,3.0
N122,North OAT Grounds (Box 1),6,11,80.233007,12.988999,3.0,3.0
N123,North OAT Grounds (Box 1),6,11,80.233007,12.989026,3.0,3.0
N124,North OAT Grounds (Box 1),6,11,80.233007,12.989053,3.0,3.0
N125,North OAT Grounds (Box 1),6,11,80.233007,12.98908,3.0,3.0
N126,North OAT Grounds (Box 1),6,11,80.233007,12.989107,3.0,3.0
N127,North OAT Grounds (Box 1),6,11,80.233007,12.989161,3.0,3.0
N128,North OAT Grounds (Box 1),6,11,80.233007,12.989188,3.0,3.0
N129,North OAT Grounds (Box 1),6,11,80.233007,12.989215,3.0,3.0
N130,North OAT Grounds (Box 1),6,11,80.233007,12.989242,3.0,3.0
N131,North OAT Grounds (Box 1),6,11,80.233007,12.989269,3.0,3.0
N132,North OAT Grounds (Box 1),6,11,80.233007,12.989296,3.0,3.0
N133,North OAT Grounds (Box 1),6,11,80.233007,12.989323,3.0,3.0
N134,North OAT Grounds (Box 1),6,12,80.233035,12.988891,3.0,3.0
N135,North OAT Grounds (Box 1),6,12,80.233035,12.988918,3.0,3.0
N136,North OAT Grounds (Box 1),6,12,80.233035,12.988945,3.0,3.0
N137,North OAT Grounds (Box 1),6,12,80.233035,12.988972,3.0,3.0
N138,North OAT Grounds (Box 1),6,12,80.233035,12.988999,3.0,3.0
N139,North OAT Grounds (Box 1),6,12,80.233035,12.989026,3.0,3.0
N140,North OAT Grounds (Box 1),6,12,80.233035,12.989053,3.0,3.0
N141,North OAT Grounds (Box 1),6,12,80.233035,12.98908,3.0,3.0
N142,North OAT Grounds (Box 1),6,12,80.233035,12.989107,3.0,3.0
N143,North OAT Grounds (Box 1),6,12,80.233035,12.989161,3.0,3.0
N144,North OAT Grounds (Box 1),6,12,80.233035,12.989188,3.0,3.0
N145,North OAT Grounds (Box 1),6,12,80.233035,12.989215,3.0,3.0
N146,North OAT Grounds (Box 1),6,12,80.233035,12.989242,3.0,3.0
N147,North OAT Grounds (Box 1),6,12,80.233035,12.989269,3.0,3.0
N148,North OAT Grounds (Box 1),6,12,80.233035,12.989296,3.0,3.0
N149,North OAT Grounds (Box 1),6,12,80.233035,12.989323,3.0,3.0
N150,North OAT Grounds (Box 1),7,13,80.23309,12.988891,3.0,3.0
N151,North OAT Grounds (Box 1),7,13,80.23309,12.988918,3.0,3.0
N152,North OAT Grounds (Box 1),7,13,80.23309,12.988945,3.0,3.0
N153,North OAT Grounds (Box 1),7,13,80.23309,12.988972,3.0,3.0
N154,North OAT Grounds (Box 1),7,13,80.23309,12.988999,3.0,3.0
N155,North OAT Grounds (Box 1),7,13,80.23309,12.989026,3.0,3.0
N156,North OAT Grounds (Box 1),7,13,80.23309,12.989053,3.0,3.0
N157,North OAT Grounds (Box 1),7,13,80.23309,12.98908,3.0,3.0
N158,North OAT Grounds (Box 1),7,13,80.23309,12.989107,3.0,3.0
N159,North OAT Grounds (Box 1),7,13,80.23309,12.989161,3.0,3.0
N160,North OAT Grounds (Box 1),7,13,80.23309,12.989188,3.0,3.0
N161,North OAT Grounds (Box 1),7,13,80.23309,12.989215,3.0,3.0
N162,North OAT Grounds (Box 1),7,13,80.23309,12.989242,3.0,3.0
N163,North OAT Grounds (Box 1),7,13,80.23309,12.989269,3.0,3.0
N164,North OAT Grounds (Box 1),7,13,80.23309,12.989296,3.0,3.0
N165,North OAT Grounds (Box 1),7,13,80.23309,12.989323,3.0,3.0
N166,North OAT Grounds (Box 1),7,14,80.233118,12.988891,3.0,3.0
N167,North OAT Grounds (Box 1),7,14,80.233118,12.988918,3.0,3.0
N168,North OAT Grounds (Box 1),7,14,80.233118,12.988945,3.0,3.0
N169,North OAT Grounds (Box 1),7,14,80.233118,12.988972,3.0,3.0
N170,North OAT Grounds (Box 1),7,14,80.233118,12.988999,3.0,3.0
N171,North OAT Grounds (Box 1),7,14,80.233118,12.989026,3.0,3.0
N172,North OAT Grounds (Box 1),7,14,80.233118,12.989053,3.0,3.0
N173,North OAT Grounds (Box 1),7,14,80.233118,12.98908,3.0,3.0
N174,North OAT Grounds (Box 1),7,14,80.233118,12.989107,3.0,3.0
N175,North OAT Grounds (Box 1),7,14,80.233118,12.989161,3.0,3.0
N176,North OAT Grounds (Box 1),7,14,80.233118,12.989188,3.0,3.0
N177,North OAT Grounds (Box 1),7,14,80.233118,12.989215,3.0,3.0
N178,North OAT Grounds (Box 1),7,14,80.233118,12.989242,3.0,3.0
N179,North OAT Grounds (Box 1),7,14,80.233118,12.989269,3.0,3.0
N180,North OAT Grounds (Box 1),7,14,80.233118,12.989296,3.0,3.0
N181,North OAT Grounds (Box 1),7,14,80.233118,12.989323,3.0,3.0
S1,South OAT Grounds (Box 2),1,1,80.232842,12.988719,3.0,3.0
S2,South OAT Grounds (Box 2),1,2,80.232869,12.988638,3.0,3.0
S3,South OAT Grounds (Box 2),1,2,80.232869,12.988665,3.0,3.0
S4,South OAT Grounds (Box 2),1,2,80.232869,12.988692,3.0,3.0
S5,South OAT Grounds (Box 2),1,2,80.232869,12.988719,3.0,3.0
S6,South OAT Grounds (Box 2),2,3,80.232925,12.988449,3.0,3.0
S7,South OAT Grounds (Box 2),2,3,80.232925,12.988476,3.0,3.0
S8,South OAT Grounds (Box 2),2,3,80.232925,12.988503,3.0,3.0
S9,South OAT Grounds (Box 2),2,3,80.232925,12.988557,3.0,3.0
S10,South OAT Grounds (Box 2),2,3,80.232925,12.988584,3.0,3.0
S11,South OAT Grounds (Box 2),2,3,80.232925,12.988611,3.0,3.0
S12,South OAT Grounds (Box 2),2,3,80.232925,12.988638,3.0,3.0
S13,South OAT Grounds (Box 2),2,3,80.232925,12.988665,3.0,3.0
S14,South OAT Grounds (Box 2),2,3,80.232925,12.988692,3.0,3.0
S15,South OAT Grounds (Box 2),2,3,80.232925,12.988719,3.0,3.0
S16,South OAT Grounds (Box 2),2,4,80.232952,12.988368,3.0,3.0
S17,South OAT Grounds (Box 2),2,4,80.232952,12.988395,3.0,3.0
S18,South OAT Grounds (Box 2),2,4,80.232952,12.988422,3.0,3.0
S19,South OAT Grounds (Box 2),2,4,80.232952,12.988449,3.0,3.0
S20,South OAT Grounds (Box 2),2,4,80.232952,12.988476,3.0,3.0
S21,South OAT Grounds (Box 2),2,4,80.232952,12.988503,3.0,3.0
S22,South OAT Grounds (Box 2),2,4,80.232952,12.988557,3.0,3.0
S23,South OAT Grounds (Box 2),2,4,80.232952,12.988584,3.0,3.0
S24,South OAT Grounds (Box 2),2,4,80.232952,12.988611,3.0,3.0
S25,South OAT Grounds (Box 2),2,4,80.232952,12.988638,3.0,3.0
S26,South OAT Grounds (Box 2),2,4,80.232952,12.988665,3.0,3.0
S27,South OAT Grounds (Box 2),2,4,80.232952,12.988692,3.0,3.0
S28,South OAT Grounds (Box 2),2,4,80.232952,12.988719,3.0,3.0
S29,South OAT Grounds (Box 2),3,5,80.233008,12.988341,3.0,3.0
S30,South OAT Grounds (Box 2),3,5,80.233008,12.988368,3.0,3.0
S31,South OAT Grounds (Box 2),3,5,80.233008,12.988395,3.0,3.0
S32,South OAT Grounds (Box 2),3,5,80.233008,12.988422,3.0,3.0
S33,South OAT Grounds (Box 2),3,5,80.233008,12.988449,3.0,3.0
S34,South OAT Grounds (Box 2),3,5,80.233008,12.988476,3.0,3.0
S35,South OAT Grounds (Box 2),3,5,80.233008,12.988503,3.0,3.0
S36,South OAT Grounds (Box 2),3,5,80.233008,12.988557,3.0,3.0
S37,South OAT Grounds (Box 2),3,5,80.233008,12.988584,3.0,3.0
S38,South OAT Grounds (Box 2),3,5,80.233008,12.988611,3.0,3.0
S39,South OAT Grounds (Box 2),3,5,80.233008,12.988638,3.0,3.0
S40,South OAT Grounds (Box 2),3,5,80.233008,12.988665,3.0,3.0
S41,South OAT Grounds (Box 2),3,5,80.233008,12.988692,3.0,3.0
S42,South OAT Grounds (Box 2),3,5,80.233008,12.988719,3.0,3.0
S43,South OAT Grounds (Box 2),3,6,80.233035,12.988341,3.0,3.0
S44,South OAT Grounds (Box 2),3,6,80.233035,12.988368,3.0,3.0
S45,South OAT Grounds (Box 2),3,6,80.233035,12.988395,3.0,3.0
S46,South OAT Grounds (Box 2),3,6,80.233035,12.988422,3.0,3.0
S47,South OAT Grounds (Box 2),3,6,80.233035,12.988449,3.0,3.0
S48,South OAT Grounds (Box 2),3,6,80.233035,12.988476,3.0,3.0
S49,South OAT Grounds (Box 2),3,6,80.233035,12.988503,3.0,3.0
S50,South OAT Grounds (Box 2),3,6,80.233035,12.988557,3.0,3.0
S51,South OAT Grounds (Box 2),3,6,80.233035,12.988584,3.0,3.0
S52,South OAT Grounds (Box 2),3,6,80.233035,12.988611,3.0,3.0
S53,South OAT Grounds (Box 2),3,6,80.233035,12.988638,3.0,3.0
S54,South OAT Grounds (Box 2),3,6,80.233035,12.988665,3.0,3.0
S55,South OAT Grounds (Box 2),3,6,80.233035,12.988692,3.0,3.0
S56,South OAT Grounds (Box 2),3,6,80.233035,12.988719,3.0,3.0
S57,South OAT Grounds (Box 2),4,7,80.233091,12.988341,3.0,3.0
S58,South OAT Grounds (Box 2),4,7,80.233091,12.988368,3.0,3.0
S59,South OAT Grounds (Box 2),4,7,80.233091,12.988395,3.0,3.0
S60,South OAT Grounds (Box 2),4,7,80.233091,12.988422,3.0,3.0
S61,South OAT Grounds (Box 2),4,7,80.233091,12.988449,3.0,3.0
S62,South OAT Grounds (Box 2),4,7,80.233091,12.988476,3.0,3.0
S63,South OAT Grounds (Box 2),4,7,80.233091,12.988503,3.0,3.0
S64,South OAT Grounds (Box 2),4,7,80.233091,12.988557,3.0,3.0
S65,South OAT Grounds (Box 2),4,7,80.233091,12.988584,3.0,3.0
S66,South OAT Grounds (Box 2),4,7,80.233091,12.988611,3.0,3.0
S67,South OAT Grounds (Box 2),4,7,80.233091,12.988638,3.0,3.0
S68,South OAT Grounds (Box 2),4,7,80.233091,12.988665,3.0,3.0
S69,South OAT Grounds (Box 2),4,7,80.233091,12.988692,3.0,3.0
S70,South OAT Grounds (Box 2),4,7,80.233091,12.988719,3.0,3.0
S71,South OAT Grounds (Box 2),4,8,80.233119,12.988341,3.0,3.0
S72,South OAT Grounds (Box 2),4,8,80.233119,12.988368,3.0,3.0
S73,South OAT Grounds (Box 2),4,8,80.233119,12.988395,3.0,3.0
S74,South OAT Grounds (Box 2),4,8,80.233119,12.988422,3.0,3.0
S75,South OAT Grounds (Box 2),4,8,80.233119,12.988449,3.0,3.0
S76,South OAT Grounds (Box 2),4,8,80.233119,12.988476,3.0,3.0
S77,South OAT Grounds (Box 2),4,8,80.233119,12.988503,3.0,3.0
S78,South OAT Grounds (Box 2),4,8,80.233119,12.988557,3.0,3.0
S79,South OAT Grounds (Box 2),4,8,80.233119,12.988584,3.0,3.0
S80,South OAT Grounds (Box 2),4,8,80.233119,12.988611,3.0,3.0
S81,South OAT Grounds (Box 2),4,8,80.233119,12.988638,3.0,3.0
S82,South OAT Grounds (Box 2),4,8,80.233119,12.988665,3.0,3.0
S83,South OAT Grounds (Box 2),4,8,80.233119,12.988692,3.0,3.0
S84,South OAT Grounds (Box 2),4,8,80.233119,12.988719,3.0,3.0
S85,South OAT Grounds (Box 2),5,9,80.233174,12.988368,3.0,3.0
S86,South OAT Grounds (Box 2),5,9,80.233174,12.988395,3.0,3.0
S87,South OAT Grounds (Box 2),5,9,80.233174,12.988422,3.0,3.0
S88,South OAT Grounds (Box 2),5,9,80.233174,12.988449,3.0,3.0
S89,South OAT Grounds (Box 2),5,9,80.233174,12.988476,3.0,3.0
S90,South OAT Grounds (Box 2),5,9,80.233174,12.988503,3.0,3.0
S91,South OAT Grounds (Box 2),5,9,80.233174,12.988557,3.0,3.0
S92,South OAT Grounds (Box 2),5,9,80.233174,12.988584,3.0,3.0
S93,South OAT Grounds (Box 2),5,9,80.233174,12.988611,3.0,3.0
S94,South OAT Grounds (Box 2),5,9,80.233174,12.988638,3.0,3.0
S95,South OAT Grounds (Box 2),5,9,80.233174,12.988665,3.0,3.0
S96,South OAT Grounds (Box 2),5,9,80.233174,12.988692,3.0,3.0
S97,South OAT Grounds (Box 2),5,9,80.233174,12.988719,3.0,3.0
S98,South OAT Grounds (Box 2),5,10,80.233202,12.988368,3.0,3.0
S99,South OAT Grounds (Box 2),5,10,80.233202,12.988395,3.0,3.0
S100,South OAT Grounds (Box 2),5,10,80.233202,12.988422,3.0,3.0
S101,South OAT Grounds (Box 2),5,10,80.233202,12.988449,3.0,3.0
S102,South OAT Grounds (Box 2),5,10,80.233202,12.988476,3.0,3.0
S103,South OAT Grounds (Box 2),5,10,80.233202,12.988503,3.0,3.0
S104,South OAT Grounds (Box 2),5,10,80.233202,12.988557,3.0,3.0
S105,South OAT Grounds (Box 2),5,10,80.233202,12.988584,3.0,3.0
S106,South OAT Grounds (Box 2),5,10,80.233202,12.988611,3.0,3.0
S107,South OAT Grounds (Box 2),5,10,80.233202,12.988638,3.0,3.0
S108,South OAT Grounds (Box 2),5,10,80.233202,12.988665,3.0,3.0
S109,South OAT Grounds (Box 2),5,10,80.233202,12.988692,3.0,3.0
S110,South OAT Grounds (Box 2),5,10,80.233202,12.988719,3.0,3.0
S111,South OAT Grounds (Box 2),6,11,80.233257,12.988368,3.0,3.0
S112,South OAT Grounds (Box 2),6,11,80.233257,12.988395,3.0,3.0
S113,South OAT Grounds (Box 2),6,11,80.233257,12.988422,3.0,3.0
S114,South OAT Grounds (Box 2),6,11,80.233257,12.988449,3.0,3.0
S115,South OAT Grounds (Box 2),6,11,80.233257,12.988476,3.0,3.0
S116,South OAT Grounds (Box 2),6,11,80.233257,12.988503,3.0,3.0
S117,South OAT Grounds (Box 2),6,11,80.233257,12.988557,3.0,3.0
S118,South OAT Grounds (Box 2),6,11,80.233257,12.988584,3.0,3.0
S119,South OAT Grounds (Box 2),6,11,80.233257,12.988611,3.0,3.0
S120,South OAT Grounds (Box 2),6,11,80.233257,12.988638,3.0,3.0
S121,South OAT Grounds (Box 2),6,12,80.233285,12.988368,3.0,3.0
S122,South OAT Grounds (Box 2),6,12,80.233285,12.988395,3.0,3.0
S123,South OAT Grounds (Box 2),6,12,80.233285,12.988422,3.0,3.0
S124,South OAT Grounds (Box 2),6,12,80.233285,12.988449,3.0,3.0
S125,South OAT Grounds (Box 2),6,12,80.233285,12.988476,3.0,3.0
S126,South OAT Grounds (Box 2),6,12,80.233285,12.988503,3.0,3.0
